<?xml version="1.0" encoding="UTF-8"?>
<project-private xmlns="http://www.netbeans.org/ns/project-private/1">
    <editor-bookmarks xmlns="http://www.netbeans.org/ns/editor-bookmarks/2" lastBookmarkId="1">
        <file>
            <url>admin/view-results.php</url>
            <bookmark id="1">
                <name/>
                <line>243</line>
                <key/>
            </bookmark>
        </file>
    </editor-bookmarks>
    <open-files xmlns="http://www.netbeans.org/ns/projectui-open-files/2">
        <group>
            <file>file:/C:/xampp/htdocs/online-exam-web/student/assessment.php</file>
            <file>file:/C:/xampp/htdocs/online-exam-web/student/pages/submit_assessment.php</file>
            <file>file:/C:/xampp/htdocs/online-exam-web/student/includes/fetch_records.php</file>
        </group>
    </open-files>
</project-private>
